<?xml version="1.0"?>
<doc>
    <assembly>
        <name>FluentAssertions</name>
    </assembly>
    <members>
        <member name="T:FluentAssertions.AssertionExtensions">
            <summary>
            Contains extension methods for custom assertions in unit tests.
            </summary>
        </member>
        <member name="M:FluentAssertions.AssertionExtensions.Invoking``1(``0,System.Action{``0})">
            <summary>
            Invokes the specified action on an subject so that you can chain it with any of the ShouldThrow or ShouldNotThrow 
            overloads.
            </summary>
        </member>
        <member name="M:FluentAssertions.AssertionExtensions.ExecutionTimeOf``1(``0,System.Linq.Expressions.Expression{System.Action{``0}})">
            <summary>
            Provides methods for asserting the execution time of a method or property.
            </summary>
            <param name="subject">The object that exposes the method or property.</param>
            <param name="action">A reference to the method or property to measure the execution time of.</param>
            <returns>
            Returns an object for asserting that the execution time matches certain conditions.
            </returns>
        </member>
        <member name="M:FluentAssertions.AssertionExtensions.ExecutionTime(System.Action)">
            <summary>
            Provides methods for asserting the execution time of a method or property.
            </summary>
            <param name="action">A reference to the method or property to measure the execution time of.</param>
            <returns>
            Returns an object for asserting that the execution time matches certain conditions.
            </returns>
        </member>
        <member name="M:FluentAssertions.AssertionExtensions.Should(System.Xml.Linq.XDocument)">
            <summary>
            Returns an <see cref="T:FluentAssertions.Xml.XDocumentAssertions"/> object that can be used to assert the
            current <see cref="T:System.Xml.Linq.XElement"/>.
            </summary>
        </member>
        <member name="M:FluentAssertions.AssertionExtensions.Should(System.Xml.Linq.XElement)">
            <summary>
            Returns an <see cref="T:FluentAssertions.Xml.XElementAssertions"/> object that can be used to assert the
            current <see cref="T:System.Xml.Linq.XElement"/>.
            </summary>
        </member>
        <member name="M:FluentAssertions.AssertionExtensions.Should(System.Xml.Linq.XAttribute)">
            <summary>
            Returns an <see cref="T:FluentAssertions.Xml.XAttributeAssertions"/> object that can be used to assert the
            current <see cref="T:System.Xml.Linq.XAttribute"/>.
            </summary>
        </member>
        <member name="M:FluentAssertions.AssertionExtensions.Enumerating(System.Func{System.Collections.IEnumerable})">
            <summary>
            Forces enumerating a collection. Should be used to assert that a method that uses the 
            <c>yield</c> keyword throws a particular exception.
            </summary>
        </member>
        <member name="M:FluentAssertions.AssertionExtensions.Enumerating``1(System.Func{System.Collections.Generic.IEnumerable{``0}})">
            <summary>
            Forces enumerating a collection. Should be used to assert that a method that uses the 
            <c>yield</c> keyword throws a particular exception.
            </summary>
        </member>
        <member name="M:FluentAssertions.AssertionExtensions.Should(System.Object)">
            <summary>
            Returns an <see cref="T:FluentAssertions.Primitives.ObjectAssertions"/> object that can be used to assert the
            current <see cref="T:System.Object"/>.
            </summary>
        </member>
        <member name="M:FluentAssertions.AssertionExtensions.Should(System.Boolean)">
            <summary>
            Returns an <see cref="T:FluentAssertions.Primitives.BooleanAssertions"/> object that can be used to assert the
            current <see cref="T:System.Boolean"/>.
            </summary>
        </member>
        <member name="M:FluentAssertions.AssertionExtensions.Should(System.Nullable{System.Boolean})">
            <summary>
            Returns an <see cref="T:FluentAssertions.Primitives.NullableBooleanAssertions"/> object that can be used to assert the
            current nullable <see cref="T:System.Boolean"/>.
            </summary>
        </member>
        <member name="M:FluentAssertions.AssertionExtensions.Should(System.Guid)">
            <summary>
            Returns an <see cref="T:FluentAssertions.Primitives.GuidAssertions"/> object that can be used to assert the
            current <see cref="T:System.Guid"/>.
            </summary>
        </member>
        <member name="M:FluentAssertions.AssertionExtensions.Should(System.Nullable{System.Guid})">
            <summary>
            Returns an <see cref="T:FluentAssertions.Primitives.NullableGuidAssertions"/> object that can be used to assert the
            current nullable <see cref="T:System.Guid"/>.
            </summary>
        </member>
        <member name="M:FluentAssertions.AssertionExtensions.Should(System.Collections.IEnumerable)">
            <summary>
            Returns an <see cref="T:FluentAssertions.Collections.NonGenericCollectionAssertions"/> object that can be used to assert the
            current <see cref="T:System.Collections.IEnumerable"/>.
            </summary>
        </member>
        <member name="M:FluentAssertions.AssertionExtensions.Should``1(System.Collections.Generic.IEnumerable{``0})">
            <summary>
            Returns an <see cref="T:FluentAssertions.Collections.GenericCollectionAssertions`1"/> object that can be used to assert the
            current <see cref="T:System.Collections.Generic.IEnumerable`1"/>.
            </summary>
        </member>
        <member name="M:FluentAssertions.AssertionExtensions.Should(System.Collections.Generic.IEnumerable{System.String})">
            <summary>
            Returns an <see cref="T:FluentAssertions.Collections.StringCollectionAssertions"/> object that can be used to assert the
            current <see cref="T:System.Collections.Generic.IEnumerable`1"/>.
            </summary>
        </member>
        <member name="M:FluentAssertions.AssertionExtensions.Should``2(System.Collections.Generic.IDictionary{``0,``1})">
            <summary>
            Returns an <see cref="T:FluentAssertions.Collections.GenericDictionaryAssertions`2"/> object that can be used to assert the
            current <see cref="T:System.Collections.Generic.IDictionary`2"/>.
            </summary>
        </member>
        <member name="M:FluentAssertions.AssertionExtensions.Should(System.DateTime)">
            <summary>
            Returns an <see cref="T:FluentAssertions.Primitives.DateTimeOffsetAssertions"/> object that can be used to assert the
            current <see cref="T:System.DateTime"/>.
            </summary>
        </member>
        <member name="M:FluentAssertions.AssertionExtensions.Should(System.DateTimeOffset)">
            <summary>
            Returns an <see cref="T:FluentAssertions.Primitives.DateTimeOffsetAssertions"/> object that can be used to assert the
            current <see cref="T:System.DateTimeOffset"/>.
            </summary>
        </member>
        <member name="M:FluentAssertions.AssertionExtensions.Should(System.Nullable{System.DateTime})">
            <summary>
            Returns an <see cref="T:FluentAssertions.Primitives.NullableDateTimeOffsetAssertions"/> object that can be used to assert the
            current nullable <see cref="T:System.DateTime"/>.
            </summary>
        </member>
        <member name="M:FluentAssertions.AssertionExtensions.Should(System.Nullable{System.DateTimeOffset})">
            <summary>
            Returns an <see cref="T:FluentAssertions.Primitives.NullableDateTimeOffsetAssertions"/> object that can be used to assert the
            current nullable <see cref="T:System.DateTimeOffset"/>.
            </summary>
        </member>
        <member name="M:FluentAssertions.AssertionExtensions.Should``1(System.IComparable{``0})">
            <summary>
            Returns an <see cref="T:FluentAssertions.Numeric.ComparableTypeAssertions`1"/> object that can be used to assert the
            current <see cref="T:System.IComparable`1"/>.
            </summary>
        </member>
        <member name="M:FluentAssertions.AssertionExtensions.Should(System.Int32)">
            <summary>
            Returns an <see cref="T:FluentAssertions.Numeric.NumericAssertions`1"/> object that can be used to assert the
            current <see cref="T:System.Int32"/>.
            </summary>
        </member>
        <member name="M:FluentAssertions.AssertionExtensions.Should(System.Nullable{System.Int32})">
            <summary>
            Returns an <see cref="T:FluentAssertions.Numeric.NullableNumericAssertions`1"/> object that can be used to assert the
            current nullable <see cref="T:System.Int32"/>.
            </summary>
        </member>
        <member name="M:FluentAssertions.AssertionExtensions.Should(System.Decimal)">
            <summary>
            Returns an <see cref="T:FluentAssertions.Numeric.NumericAssertions`1"/> object that can be used to assert the
            current <see cref="T:System.Decimal"/>.
            </summary>
        </member>
        <member name="M:FluentAssertions.AssertionExtensions.Should(System.Nullable{System.Decimal})">
            <summary>
            Returns an <see cref="T:FluentAssertions.Numeric.NullableNumericAssertions`1"/> object that can be used to assert the
            current nullable <see cref="T:System.Decimal"/>.
            </summary>
        </member>
        <member name="M:FluentAssertions.AssertionExtensions.Should(System.Byte)">
            <summary>
            Returns an <see cref="T:FluentAssertions.Numeric.NumericAssertions`1"/> object that can be used to assert the
            current <see cref="T:System.Byte"/>.
            </summary>
        </member>
        <member name="M:FluentAssertions.AssertionExtensions.Should(System.Nullable{System.Byte})">
            <summary>
            Returns an <see cref="T:FluentAssertions.Numeric.NullableNumericAssertions`1"/> object that can be used to assert the
            current nullable <see cref="T:System.Byte"/>.
            </summary>
        </member>
        <member name="M:FluentAssertions.AssertionExtensions.Should(System.Int16)">
            <summary>
            Returns an <see cref="T:FluentAssertions.Numeric.NumericAssertions`1"/> object that can be used to assert the
            current <see cref="T:System.Int16"/>.
            </summary>
        </member>
        <member name="M:FluentAssertions.AssertionExtensions.Should(System.Nullable{System.Int16})">
            <summary>
            Returns an <see cref="T:FluentAssertions.Numeric.NullableNumericAssertions`1"/> object that can be used to assert the
            current nullable <see cref="T:System.Int16"/>.
            </summary>
        </member>
        <member name="M:FluentAssertions.AssertionExtensions.Should(System.Int64)">
            <summary>
            Returns an <see cref="T:FluentAssertions.Numeric.NumericAssertions`1"/> object that can be used to assert the
            current <see cref="T:System.Int64"/>.
            </summary>
        </member>
        <member name="M:FluentAssertions.AssertionExtensions.Should(System.Nullable{System.Int64})">
            <summary>
            Returns an <see cref="T:FluentAssertions.Numeric.NullableNumericAssertions`1"/> object that can be used to assert the
            current nullable <see cref="T:System.Int64"/>.
            </summary>
        </member>
        <member name="M:FluentAssertions.AssertionExtensions.Should(System.Single)">
            <summary>
            Returns an <see cref="T:FluentAssertions.Numeric.NumericAssertions`1"/> object that can be used to assert the
            current <see cref="T:System.Single"/>.
            </summary>
        </member>
        <member name="M:FluentAssertions.AssertionExtensions.Should(System.Nullable{System.Single})">
            <summary>
            Returns an <see cref="T:FluentAssertions.Numeric.NullableNumericAssertions`1"/> object that can be used to assert the
            current nullable <see cref="T:System.Single"/>.
            </summary>
        </member>
        <member name="M:FluentAssertions.AssertionExtensions.Should(System.Double)">
            <summary>
            Returns an <see cref="T:FluentAssertions.Numeric.NumericAssertions`1"/> object that can be used to assert the
            current <see cref="T:System.Double"/>.
            </summary>
        </member>
        <member name="M:FluentAssertions.AssertionExtensions.Should(System.Nullable{System.Double})">
            <summary>
            Returns an <see cref="T:FluentAssertions.Numeric.NullableNumericAssertions`1"/> object that can be used to assert the
            current nullable <see cref="T:System.Double"/>.
            </summary>
        </member>
        <member name="M:FluentAssertions.AssertionExtensions.Should(System.String)">
            <summary>
            Returns an <see cref="T:FluentAssertions.Primitives.StringAssertions"/> object that can be used to assert the
            current <see cref="T:System.String"/>.
            </summary>
        </member>
        <member name="M:FluentAssertions.AssertionExtensions.Should(System.TimeSpan)">
            <summary>
            Returns an <see cref="T:FluentAssertions.Primitives.SimpleTimeSpanAssertions"/> object that can be used to assert the
            current <see cref="T:System.TimeSpan"/>.
            </summary>
        </member>
        <member name="M:FluentAssertions.AssertionExtensions.Should(System.Nullable{System.TimeSpan})">
            <summary>
            Returns an <see cref="T:FluentAssertions.Primitives.NullableSimpleTimeSpanAssertions"/> object that can be used to assert the
            current nullable <see cref="T:System.TimeSpan"/>.
            </summary>
        </member>
        <member name="M:FluentAssertions.AssertionExtensions.Should(System.Type)">
            <summary>
            Returns a <see cref="T:FluentAssertions.Types.TypeAssertions"/> object that can be used to assert the
            current <see cref="T:System.Type"/>.
            </summary>
        </member>
        <member name="M:FluentAssertions.AssertionExtensions.Should(FluentAssertions.Types.TypeSelector)">
            <summary>
            Returns a <see cref="T:FluentAssertions.Types.TypeAssertions"/> object that can be used to assert the
            current <see cref="T:System.Type"/>.
            </summary>
        </member>
        <member name="M:FluentAssertions.AssertionExtensions.Should(System.Reflection.MethodInfo)">
            <summary>
            Returns a <see cref="T:FluentAssertions.Types.MethodInfoAssertions"/> object that can be used to assert the current <see cref="T:System.Reflection.MethodInfo"/>.
            </summary>
            <seealso cref="T:FluentAssertions.Types.TypeAssertions"/>
        </member>
        <member name="M:FluentAssertions.AssertionExtensions.Should(FluentAssertions.Types.MethodInfoSelector)">
            <summary>
            Returns a <see cref="T:FluentAssertions.Types.MethodInfoSelectorAssertions"/> object that can be used to assert the methods returned by the
            current <see cref="T:FluentAssertions.Types.MethodInfoSelector"/>.
            </summary>
            <seealso cref="T:FluentAssertions.Types.TypeAssertions"/>
        </member>
        <member name="M:FluentAssertions.AssertionExtensions.Should(System.Reflection.PropertyInfo)">
            <summary>
            Returns a <see cref="T:FluentAssertions.Types.PropertyInfoAssertions"/> object that can be used to assert the
            current <see cref="T:FluentAssertions.Types.PropertyInfoSelector"/>.
            </summary>
            <seealso cref="T:FluentAssertions.Types.TypeAssertions"/>
        </member>
        <member name="M:FluentAssertions.AssertionExtensions.Should(FluentAssertions.Types.PropertyInfoSelector)">
            <summary>
            Returns a <see cref="T:FluentAssertions.Types.PropertyInfoSelectorAssertions"/> object that can be used to assert the properties returned by the
            current <see cref="T:FluentAssertions.Types.PropertyInfoSelector"/>.
            </summary>
            <seealso cref="T:FluentAssertions.Types.TypeAssertions"/>
        </member>
        <member name="M:FluentAssertions.AssertionExtensions.ShouldBeEquivalentTo``1(``0,System.Object,System.String,System.Object[])">
            <summary>
            Asserts that an object is equivalent to another object. 
            </summary>
            <remarks>
            Objects are equivalent when both object graphs have equally named properties with the same value, 
            irrespective of the type of those objects. Two properties are also equal if one type can be converted to another and the result is equal.
            The type of a collection property is ignored as long as the collection implements <see cref="T:System.Collections.IEnumerable"/> and all
            items in the collection are structurally equal. 
            Notice that actual behavior is determined by the <see cref="F:FluentAssertions.Equivalency.EquivalencyAssertionOptions`1.Default"/> instance of the 
            <see cref="T:FluentAssertions.Equivalency.EquivalencyAssertionOptions`1"/> class.
            </remarks>
            <param name="because">
            An optional formatted phrase as is supported by <see cref="M:System.String.Format(System.String,System.Object[])"/> explaining why the 
            assertion is needed. If the phrase does not start with the word <i>because</i>, it is prepended automatically.
            </param>
            <param name="reasonArgs">
            Zero or more objects to format using the placeholders in <see cref="!:reason"/>.
            </param>
        </member>
        <member name="M:FluentAssertions.AssertionExtensions.ShouldBeEquivalentTo``1(``0,System.Object,System.Func{FluentAssertions.Equivalency.EquivalencyAssertionOptions{``0},FluentAssertions.Equivalency.EquivalencyAssertionOptions{``0}},System.String,System.Object[])">
            <summary>
            Asserts that an object is equivalent to another object. 
            </summary>
            <remarks>
            Objects are equivalent when both object graphs have equally named properties with the same value, 
            irrespective of the type of those objects. Two properties are also equal if one type can be converted to another and the result is equal.
            The type of a collection property is ignored as long as the collection implements <see cref="T:System.Collections.IEnumerable"/> and all
            items in the collection are structurally equal. 
            </remarks>
            <param name="config">
            A reference to the <see cref="F:FluentAssertions.Equivalency.EquivalencyAssertionOptions`1.Default"/> configuration object that can be used 
            to influence the way the object graphs are compared. You can also provide an alternative instance of the 
            <see cref="T:FluentAssertions.Equivalency.EquivalencyAssertionOptions`1"/> class.
            </param>
            <param name="because">
            An optional formatted phrase as is supported by <see cref="M:System.String.Format(System.String,System.Object[])"/> explaining why the 
            assertion is needed. If the phrase does not start with the word <i>because</i>, it is prepended automatically.
            </param>
            <param name="reasonArgs">
            Zero or more objects to format using the placeholders in <see cref="!:reason"/>.
            </param>
        </member>
        <member name="M:FluentAssertions.AssertionExtensions.MonitorEvents(System.Object)">
            <summary>
              Starts monitoring an object for its events.
            </summary>
            <exception cref="T:System.ArgumentNullException">Thrown if eventSource is Null.</exception>
        </member>
        <member name="M:FluentAssertions.AssertionExtensions.As``1(System.Object)">
            <summary>
            Safely casts the specified object to the type specified through <typeparamref name="TTo"/>.
            </summary>
            <remarks>
            Has been introduced to allow casting objects without breaking the fluent API.
            </remarks>
            <typeparam name="TTo"></typeparam>
        </member>
        <member name="M:FluentAssertions.AssertionExtensions.ShouldThrow``1(System.Action,System.String,System.Object[])">
            <summary>
            Asserts that the <paramref name="action"/> throws an exception.
            </summary>
            <param name="action">A reference to the method or property.</param>
            <typeparam name="TException">
            The type of the exception it should throw.
            </typeparam>
            <param name="because">
            A formatted phrase explaining why the assertion should be satisfied. If the phrase does not 
            start with the word <i>because</i>, it is prepended to the message.
            </param>
            <param name="reasonArgs">
            Zero or more values to use for filling in any <see cref="M:System.String.Format(System.String,System.Object[])"/> compatible placeholders.
            </param>
            <returns>
            Returns an object that allows asserting additional members of the thrown exception.
            </returns>
        </member>
        <member name="M:FluentAssertions.AssertionExtensions.ShouldNotThrow``1(System.Action,System.String,System.Object[])">
            <summary>
            Asserts that the <paramref name="action"/> does not throw a particular exception.
            </summary>
            <param name="action">The current method or property.</param>
            <typeparam name="TException">
            The type of the exception it should not throw. Any other exceptions are ignored and will satisfy the assertion.
            </typeparam>
            <param name="because">
            A formatted phrase explaining why the assertion should be satisfied. If the phrase does not 
            start with the word <i>because</i>, it is prepended to the message.
            </param>
            <param name="reasonArgs">
            Zero or more values to use for filling in any <see cref="M:System.String.Format(System.String,System.Object[])"/> compatible placeholders.
            </param>
        </member>
        <member name="M:FluentAssertions.AssertionExtensions.ShouldNotThrow(System.Action,System.String,System.Object[])">
            <summary>
            Asserts that the <paramref name="action"/> does not throw any exception at all.
            </summary>
            <param name="action">The current method or property.</param>
            <param name="because">
            A formatted phrase explaining why the assertion should be satisfied. If the phrase does not 
            start with the word <i>because</i>, it is prepended to the message.
            </param>
            <param name="reasonArgs">
            Zero or more values to use for filling in any <see cref="M:System.String.Format(System.String,System.Object[])"/> compatible placeholders.
            </param>
        </member>
        <member name="M:FluentAssertions.AssertionExtensions.ShouldThrow``1(System.Func{System.Threading.Tasks.Task},System.String,System.Object[])">
            <summary>
            Asserts that the <paramref name="asyncAction"/> throws an exception.
            </summary>
            <param name="asyncAction">A reference to the method or property.</param>
            <typeparam name="TException">
            The type of the exception it should throw.
            </typeparam>
            <param name="because">
            A formatted phrase explaining why the assertion should be satisfied. If the phrase does not 
            start with the word <i>because</i>, it is prepended to the message.
            </param>
            <param name="reasonArgs">
            Zero or more values to use for filling in any <see cref="M:System.String.Format(System.String,System.Object[])"/> compatible placeholders.
            </param>
            <returns>
            Returns an object that allows asserting additional members of the thrown exception.
            </returns>
        </member>
        <member name="M:FluentAssertions.AssertionExtensions.ShouldNotThrow``1(System.Func{System.Threading.Tasks.Task},System.String,System.Object[])">
            <summary>
            Asserts that the <paramref name="asyncAction"/> does not throw a particular exception.
            </summary>
            <param name="asyncAction">The current method or property.</param>
            <typeparam name="TException">
            The type of the exception it should not throw. Any other exceptions are ignored and will satisfy the assertion.
            </typeparam>
            <param name="because">
            A formatted phrase explaining why the assertion should be satisfied. If the phrase does not 
            start with the word <i>because</i>, it is prepended to the message.
            </param>
            <param name="reasonArgs">
            Zero or more values to use for filling in any <see cref="M:System.String.Format(System.String,System.Object[])"/> compatible placeholders.
            </param>
        </member>
        <member name="M:FluentAssertions.AssertionExtensions.ShouldNotThrow(System.Func{System.Threading.Tasks.Task},System.String,System.Object[])">
            <summary>
            Asserts that the <paramref name="asyncAction"/> does not throw any exception at all.
            </summary>
            <param name="asyncAction">The current method or property.</param>
            <param name="because">
            A formatted phrase explaining why the assertion should be satisfied. If the phrase does not 
            start with the word <i>because</i>, it is prepended to the message.
            </param>
            <param name="reasonArgs">
            Zero or more values to use for filling in any <see cref="M:System.String.Format(System.String,System.Object[])"/> compatible placeholders.
            </param>
        </member>
        <member name="T:FluentAssertions.EventSourceExtensions">
            <summary>
              Provides extension methods for monitoring and querying events.
            </summary>
        </member>
        <member name="M:FluentAssertions.EventSourceExtensions.ShouldRaise(System.Object,System.String)">
            <summary>
            Asserts that an object has raised a particular event at least once.
            </summary>
            <param name="eventSource">The object exposing the event.</param>
            <param name="eventName">The name of the event that should have been raised.</param>
            <returns></returns>
            <remarks>
            You must call <see cref="!:MonitorEvents"/> on the same object prior to this call so that Fluent Assertions can
            subscribe for the events of the object.
            </remarks>
        </member>
        <member name="M:FluentAssertions.EventSourceExtensions.ShouldRaise(System.Object,System.String,System.String,System.Object[])">
            <summary>
            Asserts that an object has raised a particular event at least once.
            </summary>
            <param name="eventSource">The object exposing the event.</param>
            <param name="eventName">
            The name of the event that should have been raised.
            </param>
            <param name="because">
            A formatted phrase explaining why the assertion should be satisfied. If the phrase does not 
            start with the word <i>because</i>, it is prepended to the message.
            </param>
            <param name="reasonArgs">
            Zero or more values to use for filling in any <see cref="M:System.String.Format(System.String,System.Object[])"/> compatible placeholders.
            </param>
            <remarks>
            You must call <see cref="!:MonitorEvents"/> on the same object prior to this call so that Fluent Assertions can
            subscribe for the events of the object.
            </remarks>
        </member>
        <member name="M:FluentAssertions.EventSourceExtensions.ShouldNotRaise(System.Object,System.String)">
            <summary>
            Asserts that an object has not raised a particular event.
            </summary>
            <param name="eventSource">The object exposing the event.</param>
            <param name="eventName">
            The name of the event that should not be raised.
            </param>
            <remarks>
            You must call <see cref="!:MonitorEvents"/> on the same object prior to this call so that Fluent Assertions can
            subscribe for the events of the object.
            </remarks>
        </member>
        <member name="M:FluentAssertions.EventSourceExtensions.ShouldNotRaise(System.Object,System.String,System.String,System.Object[])">
            <summary>
            Asserts that an object has not raised a particular event.
            </summary>
            <param name="eventSource">The object exposing the event.</param>
            <param name="eventName">
            The name of the event that should not be raised.
            </param>
            <param name="because">
            A formatted phrase explaining why the assertion should be satisfied. If the phrase does not 
            start with the word <i>because</i>, it is prepended to the message.
            </param>
            <param name="reasonArgs">
            Zero or more values to use for filling in any <see cref="M:System.String.Format(System.String,System.Object[])"/> compatible placeholders.
            </param>
            <remarks>
            You must call <see cref="!:MonitorEvents"/> on the same object prior to this call so that Fluent Assertions can
            subscribe for the events of the object.
            </remarks>
        </member>
        <member name="T:FluentAssertions.Events.EventHandlerFactory">
            <summary>
              Static methods that aid in generic event subscription
            </summary>
        </member>
        <member name="M:FluentAssertions.Events.EventHandlerFactory.GenerateHandler(System.Type,FluentAssertions.Events.IEventRecorder)">
            <summary>
              Generates an eventhandler for an event of type eventSignature that calls RegisterEvent on recorder
              when invoked.
            </summary>
        </member>
        <member name="M:FluentAssertions.Events.EventHandlerFactory.GetDelegateReturnType(System.Type)">
            <summary>
              Finds the Return Type of a Delegate.
            </summary>
        </member>
        <member name="M:FluentAssertions.Events.EventHandlerFactory.GetDelegateParameterTypes(System.Type)">
            <summary>
              Returns an Array of Types that make up a delegate's parameter signature.
            </summary>
        </member>
        <member name="M:FluentAssertions.Events.EventHandlerFactory.AppendParameterListThisReference(System.Type[])">
            <summary>
              Returns an array of types appended with an EventRecorder reference at the beginning.
            </summary>
        </member>
        <member name="M:FluentAssertions.Events.EventHandlerFactory.TypeIsDelegate(System.Type)">
            <summary>
              Returns T/F Dependent on a Type Being a Delegate.
            </summary>
        </member>
        <member name="M:FluentAssertions.Events.EventHandlerFactory.DelegateInvokeMethod(System.Type)">
            <summary>
              Returns the MethodInfo for the Delegate's "Invoke" Method.
            </summary>
        </member>
        <member name="T:FluentAssertions.Execution.FallbackTestFramework">
            <summary>
            Throws a generic exception in case no other test harness is detected.
            </summary>
        </member>
        <member name="T:FluentAssertions.Execution.ITestFramework">
            <summary>
            Represents an abstraction of a particular test framework such as MSTest, nUnit, etc.
            </summary>
        </member>
        <member name="M:FluentAssertions.Execution.ITestFramework.Throw(System.String)">
            <summary>
            Throws a framework-specific exception to indicate a failing unit test.
            </summary>
        </member>
        <member name="P:FluentAssertions.Execution.ITestFramework.IsAvailable">
            <summary>
            Gets a value indicating whether the corresponding test framework is currently available.
            </summary>
        </member>
        <member name="M:FluentAssertions.Execution.FallbackTestFramework.Throw(System.String)">
            <summary>
            Throws a framework-specific exception to indicate a failing unit test.
            </summary>
        </member>
        <member name="P:FluentAssertions.Execution.FallbackTestFramework.IsAvailable">
            <summary>
            Gets a value indicating whether the corresponding test framework is currently available.
            </summary>
        </member>
        <member name="M:FluentAssertions.Execution.GallioTestFramework.Throw(System.String)">
            <summary>
            Throws a framework-specific exception to indicate a failing unit test.
            </summary>
        </member>
        <member name="P:FluentAssertions.Execution.GallioTestFramework.IsAvailable">
            <summary>
            Gets a value indicating whether the corresponding test framework is currently available.
            </summary>
        </member>
        <member name="M:FluentAssertions.ObjectAssertionsExtensions.BeBinarySerializable(FluentAssertions.Primitives.ObjectAssertions,System.String,System.Object[])">
            <summary>
            Asserts that an object can be serialized and deserialized using the binary serializer and that it stills retains
            the values of all properties.
            </summary>
            <param name="because">
            A formatted phrase as is supported by <see cref="M:System.String.Format(System.String,System.Object[])"/> explaining why the assertion 
            is needed. If the phrase does not start with the word <i>because</i>, it is prepended automatically.
            </param>
            <param name="reasonArgs">
            Zero or more objects to format using the placeholders in <see cref="!:reason"/>.
            </param>
        </member>
        <member name="M:FluentAssertions.ObjectAssertionsExtensions.BeBinarySerializable``1(FluentAssertions.Primitives.ObjectAssertions,System.Func{FluentAssertions.Equivalency.EquivalencyAssertionOptions{``0},FluentAssertions.Equivalency.EquivalencyAssertionOptions{``0}},System.String,System.Object[])">
            <summary>
            Asserts that an object can be serialized and deserialized using the binary serializer and that it stills retains
            the values of all properties.
            </summary>
            <param name="because">
            A formatted phrase as is supported by <see cref="M:System.String.Format(System.String,System.Object[])"/> explaining why the assertion 
            is needed. If the phrase does not start with the word <i>because</i>, it is prepended automatically.
            </param>
            <param name="reasonArgs">
            Zero or more objects to format using the placeholders in <see cref="!:reason"/>.
            </param>
        </member>
        <member name="M:FluentAssertions.ObjectAssertionsExtensions.BeXmlSerializable(FluentAssertions.Primitives.ObjectAssertions,System.String,System.Object[])">
            <summary>
            Asserts that an object can be serialized and deserialized using the XML serializer and that it stills retains
            the values of all properties.
            </summary>
            <param name="because">
            A formatted phrase as is supported by <see cref="M:System.String.Format(System.String,System.Object[])"/> explaining why the assertion 
            is needed. If the phrase does not start with the word <i>because</i>, it is prepended automatically.
            </param>
            <param name="reasonArgs">
            Zero or more objects to format using the placeholders in <see cref="!:reason"/>.
            </param>
        </member>
        <member name="T:FluentAssertions.Specialized.ExecutionTimeAssertions">
            <summary>
            Provides methods for asserting that the execution time of an <see cref="T:System.Action"/> satifies certain conditions.
            </summary>
        </member>
        <member name="M:FluentAssertions.Specialized.ExecutionTimeAssertions.#ctor(System.Action)">
            <summary>
            Initializes a new instance of the <see cref="T:FluentAssertions.Specialized.ExecutionTimeAssertions"/> class.
            </summary>
            <param name="action">The action of which the execution time must be asserted.</param>
        </member>
        <member name="M:FluentAssertions.Specialized.ExecutionTimeAssertions.ShouldNotExceed(System.TimeSpan,System.String,System.Object[])">
            <summary>
            Asserts that the execution time of the operation does not exceed a specified amount of time.
            </summary>
            <param name="maxDuration">
            The maximum allowed duration.
            </param>
            <param name="because">
            A formatted phrase explaining why the assertion should be satisfied. If the phrase does not 
            start with the word <i>because</i>, it is prepended to the message.
            </param>
            <param name="reasonArgs">
            Zero or more values to use for filling in any <see cref="M:System.String.Format(System.String,System.Object[])"/> compatible placeholders.
            </param>
        </member>
        <member name="T:FluentAssertions.Specialized.MemberExecutionTimeAssertions`1">
            <summary>
            Provides methods for asserting that the execution time of an object member satifies certain conditions.
            </summary>
            <typeparam name="T"></typeparam>
        </member>
        <member name="M:FluentAssertions.Specialized.MemberExecutionTimeAssertions`1.#ctor(`0,System.Linq.Expressions.Expression{System.Action{`0}})">
            <summary>
            Initializes a new instance of the <see cref="T:FluentAssertions.Specialized.MemberExecutionTimeAssertions`1"/> class.
            </summary>
            <param name="subject">The object that exposes the method or property.</param>
            <param name="action">A reference to the method or property to measure the execution time of.</param>
        </member>
    </members>
</doc>
